video_id,title,description,published_at,thumbnails,tags,category_id,default_language,default_audio_language,duration,definition,caption,licensed_content,projection,views,likes,comments,favorites,privacy_status,license,embed_html,topic_categories
Q8Xzg2pY4Kg,The ATO Graduate Program,"Hear from our graduates on what it was like being part of an award-winning program, and their unique learning experiences at the ATO. Our graduate program enables great opportunities across a range of disciplines not just in taxation, commerce and law but also in STEM, IT, design, and communications.

Kick start your career as an ATO graduate and embark on new challenges that’ll enhance your career.

To find out more visit ato.gov.au/grads",2022-02-24,"{'default': {'url': 'https://i.ytimg.com/vi/Q8Xzg2pY4Kg/default.jpg', 'width': 120, 'height': 90}, 'medium': {'url': 'https://i.ytimg.com/vi/Q8Xzg2pY4Kg/mqdefault.jpg', 'width': 320, 'height': 180}, 'high': {'url': 'https://i.ytimg.com/vi/Q8Xzg2pY4Kg/hqdefault.jpg', 'width': 480, 'height': 360}, 'standard': {'url': 'https://i.ytimg.com/vi/Q8Xzg2pY4Kg/sddefault.jpg', 'width': 640, 'height': 480}, 'maxres': {'url': 'https://i.ytimg.com/vi/Q8Xzg2pY4Kg/maxresdefault.jpg', 'width': 1280, 'height': 720}}","['ato', 'australian taxation office', 'australian government', 'graduate program', 'grad', 'public service', 'australian public service', 'APS']",27,en-GB,en,PT3M30S,hd,false,False,rectangular,6096,0,0,0,public,youtube,"<iframe width=""480"" height=""270"" src=""//www.youtube.com/embed/Q8Xzg2pY4Kg"" frameborder=""0"" allow=""accelerometer; autoplay; clipboard-write; encrypted-media; gyroscope; picture-in-picture; web-share"" referrerpolicy=""strict-origin-when-cross-origin"" allowfullscreen></iframe>",['https://en.wikipedia.org/wiki/Knowledge']
4_tIT5DMt3Q,Explore rewarding career opportunities with the Smarter Data,"Hear from Smarter Data's Leaders about the vision of the team and learn about the key benefits of a career at the ATO from staff in the Smarter Data. Learn how the team contributes to the ATO and the impact their work has on the Australian Community.

For work that is meaningful, diverse and challenging, join Smarter Data at the ATO:
ato.gov.au/careers",2020-11-08,"{'default': {'url': 'https://i.ytimg.com/vi/4_tIT5DMt3Q/default.jpg', 'width': 120, 'height': 90}, 'medium': {'url': 'https://i.ytimg.com/vi/4_tIT5DMt3Q/mqdefault.jpg', 'width': 320, 'height': 180}, 'high': {'url': 'https://i.ytimg.com/vi/4_tIT5DMt3Q/hqdefault.jpg', 'width': 480, 'height': 360}, 'standard': {'url': 'https://i.ytimg.com/vi/4_tIT5DMt3Q/sddefault.jpg', 'width': 640, 'height': 480}, 'maxres': {'url': 'https://i.ytimg.com/vi/4_tIT5DMt3Q/maxresdefault.jpg', 'width': 1280, 'height': 720}}","['smarter data', 'data specialist', 'careers in data', 'data scientist', 'data careers at the ATO', 'data professional', 'jobs in data', 'careers at the ATO']",27,en-GB,en,PT2M16S,hd,true,False,rectangular,2729,0,0,0,public,youtube,"<iframe width=""480"" height=""270"" src=""//www.youtube.com/embed/4_tIT5DMt3Q"" frameborder=""0"" allow=""accelerometer; autoplay; clipboard-write; encrypted-media; gyroscope; picture-in-picture; web-share"" referrerpolicy=""strict-origin-when-cross-origin"" allowfullscreen></iframe>","['https://en.wikipedia.org/wiki/Knowledge', 'https://en.wikipedia.org/wiki/Technology']"
1t7shuGoNL8,How to create a myGov account and link to the ATO,"By linking your myGov account to the ATO, you can now manage your tax and super affairs whenever it suits you.

You can lodge and check the progress of your income tax return as well as update your personal details, keep track of your super and arrange to pay a debt.

For more information, visit https://ato.gov.au/online",2019-05-13,"{'default': {'url': 'https://i.ytimg.com/vi/1t7shuGoNL8/default.jpg', 'width': 120, 'height': 90}, 'medium': {'url': 'https://i.ytimg.com/vi/1t7shuGoNL8/mqdefault.jpg', 'width': 320, 'height': 180}, 'high': {'url': 'https://i.ytimg.com/vi/1t7shuGoNL8/hqdefault.jpg', 'width': 480, 'height': 360}, 'standard': {'url': 'https://i.ytimg.com/vi/1t7shuGoNL8/sddefault.jpg', 'width': 640, 'height': 480}, 'maxres': {'url': 'https://i.ytimg.com/vi/1t7shuGoNL8/maxresdefault.jpg', 'width': 1280, 'height': 720}}","['mygov', 'my gov', 'mytax', 'lodge tax return', 'lodge online', 'link to ato', 'ato', 'australia', 'australian tax office']",27,en-GB,en,PT3M58S,hd,true,False,rectangular,177546,0,0,0,public,youtube,"<iframe width=""480"" height=""270"" src=""//www.youtube.com/embed/1t7shuGoNL8"" frameborder=""0"" allow=""accelerometer; autoplay; clipboard-write; encrypted-media; gyroscope; picture-in-picture; web-share"" referrerpolicy=""strict-origin-when-cross-origin"" allowfullscreen></iframe>",[]
AXHUchvOAcs,Village and the Boy Named Tax – Behind-the-Scenes,"The 2017 Tax, Super and You competition first-prize winner Elise Hutchinson worked on production of the animation during work experience with the ATO’s Marketing and Communication team. This behind-the-scenes video documents Elise’s experience, including recording the voiceover for the animation. Developed from a story by another Tax, Super and You competition winner, high school studentFelicity Pollard, the Village and the Boy Named Tax animation, is a student’s perspective of the value of tax in the community. The original story was a 2017 Tax, Super and You competition entry and won second-prize.For more information visit https://ato.gov.au/education or https://www.taxsuperandyou.gov.au/competition",2018-09-21,"{'default': {'url': 'https://i.ytimg.com/vi/AXHUchvOAcs/default.jpg', 'width': 120, 'height': 90}, 'medium': {'url': 'https://i.ytimg.com/vi/AXHUchvOAcs/mqdefault.jpg', 'width': 320, 'height': 180}, 'high': {'url': 'https://i.ytimg.com/vi/AXHUchvOAcs/hqdefault.jpg', 'width': 480, 'height': 360}, 'standard': {'url': 'https://i.ytimg.com/vi/AXHUchvOAcs/sddefault.jpg', 'width': 640, 'height': 480}}","['Tax', 'Super and You competition Tax', 'Super and You tax and super educational resources Education Schools Program']",27,,,PT1M33S,sd,true,False,rectangular,1850,0,0,0,public,youtube,"<iframe width=""480"" height=""270"" src=""//www.youtube.com/embed/AXHUchvOAcs"" frameborder=""0"" allow=""accelerometer; autoplay; clipboard-write; encrypted-media; gyroscope; picture-in-picture; web-share"" referrerpolicy=""strict-origin-when-cross-origin"" allowfullscreen></iframe>",['https://en.wikipedia.org/wiki/Society']
VqBKV9FL8K4,Starting your not-for-profit,If you are starting a not-for-profit there are things that you need to consider. This video outlines what you need to know and how to get started.Find out more at ato.gov.au/startinganNFP,2018-08-16,"{'default': {'url': 'https://i.ytimg.com/vi/VqBKV9FL8K4/default.jpg', 'width': 120, 'height': 90}, 'medium': {'url': 'https://i.ytimg.com/vi/VqBKV9FL8K4/mqdefault.jpg', 'width': 320, 'height': 180}, 'high': {'url': 'https://i.ytimg.com/vi/VqBKV9FL8K4/hqdefault.jpg', 'width': 480, 'height': 360}, 'standard': {'url': 'https://i.ytimg.com/vi/VqBKV9FL8K4/sddefault.jpg', 'width': 640, 'height': 480}, 'maxres': {'url': 'https://i.ytimg.com/vi/VqBKV9FL8K4/maxresdefault.jpg', 'width': 1280, 'height': 720}}","['Not-for-profit', 'NFP', 'non profit']",27,,,PT1M46S,hd,true,False,rectangular,6425,72,0,0,public,youtube,"<iframe width=""480"" height=""270"" src=""//www.youtube.com/embed/VqBKV9FL8K4"" frameborder=""0"" allow=""accelerometer; autoplay; clipboard-write; encrypted-media; gyroscope; picture-in-picture; web-share"" referrerpolicy=""strict-origin-when-cross-origin"" allowfullscreen></iframe>",[]
BnzSEYNNmtQ,Registration and endorsement of your not-for-profit,Find out how your not-for-profit becomes registered and how it obtains endorsement for charity tax concessions and as a deductible gift recipient.Find out more at ato.gov.au/notforprofit,2018-08-16,"{'default': {'url': 'https://i.ytimg.com/vi/BnzSEYNNmtQ/default.jpg', 'width': 120, 'height': 90}, 'medium': {'url': 'https://i.ytimg.com/vi/BnzSEYNNmtQ/mqdefault.jpg', 'width': 320, 'height': 180}, 'high': {'url': 'https://i.ytimg.com/vi/BnzSEYNNmtQ/hqdefault.jpg', 'width': 480, 'height': 360}, 'standard': {'url': 'https://i.ytimg.com/vi/BnzSEYNNmtQ/sddefault.jpg', 'width': 640, 'height': 480}, 'maxres': {'url': 'https://i.ytimg.com/vi/BnzSEYNNmtQ/maxresdefault.jpg', 'width': 1280, 'height': 720}}","['Not-for-profit', 'NFP', 'non profit']",27,,,PT1M50S,hd,true,False,rectangular,1579,7,0,0,public,youtube,"<iframe width=""480"" height=""270"" src=""//www.youtube.com/embed/BnzSEYNNmtQ"" frameborder=""0"" allow=""accelerometer; autoplay; clipboard-write; encrypted-media; gyroscope; picture-in-picture; web-share"" referrerpolicy=""strict-origin-when-cross-origin"" allowfullscreen></iframe>",['https://en.wikipedia.org/wiki/Society']
bNiuimap1LY,The cost of phoenix activity,"We’ve partnered with David Koch’s Business Builders to produce a series of informative videos that highlight the risk of phoenix activity to the community. Fraudulent 'phoenix' activity occurs where a company deliberately liquidates to avoid paying creditors, taxes and employee entitlements. In this video, we discuss the cost of phoenix activity for Australian businesses and the nation’s economy.Phoenix activity has impacts on the business community, employees and contractors, the government and the environment. To learn more, including how to report phoenix activity, visit https://ato.gov.au/phoenix",2018-08-09,"{'default': {'url': 'https://i.ytimg.com/vi/bNiuimap1LY/default.jpg', 'width': 120, 'height': 90}, 'medium': {'url': 'https://i.ytimg.com/vi/bNiuimap1LY/mqdefault.jpg', 'width': 320, 'height': 180}, 'high': {'url': 'https://i.ytimg.com/vi/bNiuimap1LY/hqdefault.jpg', 'width': 480, 'height': 360}, 'standard': {'url': 'https://i.ytimg.com/vi/bNiuimap1LY/sddefault.jpg', 'width': 640, 'height': 480}}","['phoenix', 'fraud', 'contractors', 'builders', 'small business', 'construction', 'phoenix activity', 'ASIC', 'phoenix companies', 'involuntary administration', 'company registrations', 'credit rating']",27,,en-GB,PT1M32S,sd,true,False,rectangular,1269,0,0,0,public,youtube,"<iframe width=""480"" height=""270"" src=""//www.youtube.com/embed/bNiuimap1LY"" frameborder=""0"" allow=""accelerometer; autoplay; clipboard-write; encrypted-media; gyroscope; picture-in-picture; web-share"" referrerpolicy=""strict-origin-when-cross-origin"" allowfullscreen></iframe>","['https://en.wikipedia.org/wiki/Business', 'https://en.wikipedia.org/wiki/Society']"
R2IYm3YzdZk,"Tax, Super and You competition","The Tax, Super and You competition invites students in Year 7–12 to submit their creative ideas.

Think outside the box and pitch your creative idea on how you would encourage your friends to see the value of tax and super in the community. 

Before entering the competition, hear from one of the judges as well as the 2017 competition first-prize winner for their top tips for potential competition entrants.

For more information visit https://ato.gov.au/education or https://www.taxsuperandyou.gov.au/competition",2018-07-18,"{'default': {'url': 'https://i.ytimg.com/vi/R2IYm3YzdZk/default.jpg', 'width': 120, 'height': 90}, 'medium': {'url': 'https://i.ytimg.com/vi/R2IYm3YzdZk/mqdefault.jpg', 'width': 320, 'height': 180}, 'high': {'url': 'https://i.ytimg.com/vi/R2IYm3YzdZk/hqdefault.jpg', 'width': 480, 'height': 360}, 'standard': {'url': 'https://i.ytimg.com/vi/R2IYm3YzdZk/sddefault.jpg', 'width': 640, 'height': 480}, 'maxres': {'url': 'https://i.ytimg.com/vi/R2IYm3YzdZk/maxresdefault.jpg', 'width': 1280, 'height': 720}}",[],27,en-GB,en,PT31S,hd,false,False,rectangular,2095,0,0,0,public,youtube,"<iframe width=""480"" height=""270"" src=""//www.youtube.com/embed/R2IYm3YzdZk"" frameborder=""0"" allow=""accelerometer; autoplay; clipboard-write; encrypted-media; gyroscope; picture-in-picture; web-share"" referrerpolicy=""strict-origin-when-cross-origin"" allowfullscreen></iframe>",['https://en.wikipedia.org/wiki/Society']
QUs0mB7RqmM,Village and the Boy Named Tax,"Developed from a story by high school student Felicity Pollard, the Village and the Boy Named Tax animation is a student’s perspective of the value of tax in the community. 

The original story was a 2017 Tax, Super and You competition entry and won second-prize. 

The voiceover for the animation is by 2017 Tax, Super and You competition first-prize winner, Elise Hutchison. 

For more information visit https://ato.gov.au/education or https://www.taxsuperandyou.gov.au/competition",2018-07-17,"{'default': {'url': 'https://i.ytimg.com/vi/QUs0mB7RqmM/default.jpg', 'width': 120, 'height': 90}, 'medium': {'url': 'https://i.ytimg.com/vi/QUs0mB7RqmM/mqdefault.jpg', 'width': 320, 'height': 180}, 'high': {'url': 'https://i.ytimg.com/vi/QUs0mB7RqmM/hqdefault.jpg', 'width': 480, 'height': 360}}","['tax super and you', 'education schools program', 'tax and super educational resources', 'tax', 'tax super and you competition']",27,en-GB,en,PT2M56S,sd,true,False,rectangular,9133,0,0,0,public,youtube,"<iframe width=""480"" height=""270"" src=""//www.youtube.com/embed/QUs0mB7RqmM"" frameborder=""0"" allow=""accelerometer; autoplay; clipboard-write; encrypted-media; gyroscope; picture-in-picture; web-share"" referrerpolicy=""strict-origin-when-cross-origin"" allowfullscreen></iframe>",['https://en.wikipedia.org/wiki/Society']
hGVp71HMxSM,Know the signs of illegal phoenix activity,Would you know if an illegal phoenix operator was ripping you off? Know the signs and protect yourself.,2018-05-02,"{'default': {'url': 'https://i.ytimg.com/vi/hGVp71HMxSM/default.jpg', 'width': 120, 'height': 90}, 'medium': {'url': 'https://i.ytimg.com/vi/hGVp71HMxSM/mqdefault.jpg', 'width': 320, 'height': 180}, 'high': {'url': 'https://i.ytimg.com/vi/hGVp71HMxSM/hqdefault.jpg', 'width': 480, 'height': 360}}","['phoenix', 'phoenix taskforce', 'illegal phoenix', 'fraudulent phoenix', 'what is phoenix', 'unpaid super', 'boss not paying me', 'Lost Super', 'lost entitlements', 'phoenix operators', 'illegal phoenix operator', 'employer not paying super', 'unpaid entitlements', 'lost wages', 'fair entitlements guarantee', 'liquidation', 'bankruptcy']",27,,en-GB,PT13S,sd,false,False,rectangular,21687,0,0,0,public,youtube,"<iframe width=""480"" height=""270"" src=""//www.youtube.com/embed/hGVp71HMxSM"" frameborder=""0"" allow=""accelerometer; autoplay; clipboard-write; encrypted-media; gyroscope; picture-in-picture; web-share"" referrerpolicy=""strict-origin-when-cross-origin"" allowfullscreen></iframe>",[]
sYffE0ILDGQ,Beware of tax scams,"It’s important to know how to identify an illegitimate request for information. This video details how to contact the ATO if you think have been contacted by a scam. Be aware of what you share. If you think you have shared sensitive information with the wrong person or have been contacted by a scam, contact us directly on 1800 008 540. 
See latest scam alerts at https://ato.gov.au/scamalerts",2018-02-20,"{'default': {'url': 'https://i.ytimg.com/vi/sYffE0ILDGQ/default.jpg', 'width': 120, 'height': 90}, 'medium': {'url': 'https://i.ytimg.com/vi/sYffE0ILDGQ/mqdefault.jpg', 'width': 320, 'height': 180}, 'high': {'url': 'https://i.ytimg.com/vi/sYffE0ILDGQ/hqdefault.jpg', 'width': 480, 'height': 360}}","['Australia', 'ATO', 'Tax', 'Australian Taxation Office', 'scams', 'scam', 'tax scams', 'cyber crime', 'cyber security', 'impersonation scams']",27,en-GB,en,PT33S,sd,false,False,rectangular,26367,0,0,0,public,youtube,"<iframe width=""480"" height=""360"" src=""//www.youtube.com/embed/sYffE0ILDGQ"" frameborder=""0"" allow=""accelerometer; autoplay; clipboard-write; encrypted-media; gyroscope; picture-in-picture; web-share"" referrerpolicy=""strict-origin-when-cross-origin"" allowfullscreen></iframe>",['https://en.wikipedia.org/wiki/Society']
ZwwIVlqCTZA,Transitioning to the Practitioner lodgment service (PLS),Hear from two tax professionals about their experience in switching to the practitioner lodgment service (PLS). For more information go to https://ato.gov.au/pls,2018-02-13,"{'default': {'url': 'https://i.ytimg.com/vi/ZwwIVlqCTZA/default.jpg', 'width': 120, 'height': 90}, 'medium': {'url': 'https://i.ytimg.com/vi/ZwwIVlqCTZA/mqdefault.jpg', 'width': 320, 'height': 180}, 'high': {'url': 'https://i.ytimg.com/vi/ZwwIVlqCTZA/hqdefault.jpg', 'width': 480, 'height': 360}, 'standard': {'url': 'https://i.ytimg.com/vi/ZwwIVlqCTZA/sddefault.jpg', 'width': 640, 'height': 480}}","['Practitioner lodgment service', 'PLS', 'Standard Business Reporting', 'SBR', 'PLS transition', 'ATO', 'Australia', 'Tax', 'Australian Taxation Office']",27,,en-GB,PT2M,hd,true,False,rectangular,745,0,0,0,public,youtube,"<iframe width=""480"" height=""270"" src=""//www.youtube.com/embed/ZwwIVlqCTZA"" frameborder=""0"" allow=""accelerometer; autoplay; clipboard-write; encrypted-media; gyroscope; picture-in-picture; web-share"" referrerpolicy=""strict-origin-when-cross-origin"" allowfullscreen></iframe>",[]
atR2biPPZ1I,Lodging and paying on time,"Just started your new business? This video explains how to lodge and pay your BAS on time and why it is so important in running a successful business. 
Find out more at https://www.ato.gov.au/business/business-activity-statements-(bas)/lodging-and-paying-your-bas/",2018-01-23,"{'default': {'url': 'https://i.ytimg.com/vi/atR2biPPZ1I/default.jpg', 'width': 120, 'height': 90}, 'medium': {'url': 'https://i.ytimg.com/vi/atR2biPPZ1I/mqdefault.jpg', 'width': 320, 'height': 180}, 'high': {'url': 'https://i.ytimg.com/vi/atR2biPPZ1I/hqdefault.jpg', 'width': 480, 'height': 360}, 'standard': {'url': 'https://i.ytimg.com/vi/atR2biPPZ1I/sddefault.jpg', 'width': 640, 'height': 480}, 'maxres': {'url': 'https://i.ytimg.com/vi/atR2biPPZ1I/maxresdefault.jpg', 'width': 1280, 'height': 720}}","['BAS', 'activity statement', 'payg', 'lodgment', 'ATO', 'Australian Taxation Office', 'Australia', 'Tax']",27,,en-GB,PT1M5S,hd,true,False,rectangular,2742,0,0,0,public,youtube,"<iframe width=""480"" height=""270"" src=""//www.youtube.com/embed/atR2biPPZ1I"" frameborder=""0"" allow=""accelerometer; autoplay; clipboard-write; encrypted-media; gyroscope; picture-in-picture; web-share"" referrerpolicy=""strict-origin-when-cross-origin"" allowfullscreen></iframe>",['https://en.wikipedia.org/wiki/Business']
jnMRyMy9stM,Activity statement lodgment: It’s easy online,Are you an individual or sole trader? This video explains why the best way to prepare and lodge any activity statement or PAYG instalment notice is online. Find out more - https://www.ato.gov.au/General/Online-services/In-detail/Lodging-your-activity-statement-online/,2017-11-24,"{'default': {'url': 'https://i.ytimg.com/vi/jnMRyMy9stM/default.jpg', 'width': 120, 'height': 90}, 'medium': {'url': 'https://i.ytimg.com/vi/jnMRyMy9stM/mqdefault.jpg', 'width': 320, 'height': 180}, 'high': {'url': 'https://i.ytimg.com/vi/jnMRyMy9stM/hqdefault.jpg', 'width': 480, 'height': 360}, 'standard': {'url': 'https://i.ytimg.com/vi/jnMRyMy9stM/sddefault.jpg', 'width': 640, 'height': 480}, 'maxres': {'url': 'https://i.ytimg.com/vi/jnMRyMy9stM/maxresdefault.jpg', 'width': 1280, 'height': 720}}","['ATO', 'tax office', 'tax', 'Australia', 'Australian taxation office']",27,,en-GB,PT31S,hd,true,False,rectangular,12604,0,0,0,public,youtube,"<iframe width=""480"" height=""270"" src=""//www.youtube.com/embed/jnMRyMy9stM"" frameborder=""0"" allow=""accelerometer; autoplay; clipboard-write; encrypted-media; gyroscope; picture-in-picture; web-share"" referrerpolicy=""strict-origin-when-cross-origin"" allowfullscreen></iframe>",[]
_pNW792vXh8,How to create a myGov account and link to the ATO - Dinka,"By linking your myGov account to the ATO, you can now manage your tax and super affairs whenever it suits you.You can lodge and check the progress of your income tax return as well as update your personal details, keep track of your super and arrange to pay a debt.For more information, visit https://ato.gov.au/online",2017-09-26,"{'default': {'url': 'https://i.ytimg.com/vi/_pNW792vXh8/default.jpg', 'width': 120, 'height': 90}, 'medium': {'url': 'https://i.ytimg.com/vi/_pNW792vXh8/mqdefault.jpg', 'width': 320, 'height': 180}, 'high': {'url': 'https://i.ytimg.com/vi/_pNW792vXh8/hqdefault.jpg', 'width': 480, 'height': 360}, 'standard': {'url': 'https://i.ytimg.com/vi/_pNW792vXh8/sddefault.jpg', 'width': 640, 'height': 480}, 'maxres': {'url': 'https://i.ytimg.com/vi/_pNW792vXh8/maxresdefault.jpg', 'width': 1280, 'height': 720}}","['myTax', 'myGov', 'tax return', 'lodge tax return', 'lodge online', 'e-tax', 'link to ATO', 'ato', 'tax', 'australia', 'australian taxation office']",27,,,PT3M57S,hd,false,False,rectangular,1948,0,0,0,public,youtube,"<iframe width=""480"" height=""270"" src=""//www.youtube.com/embed/_pNW792vXh8"" frameborder=""0"" allow=""accelerometer; autoplay; clipboard-write; encrypted-media; gyroscope; picture-in-picture; web-share"" referrerpolicy=""strict-origin-when-cross-origin"" allowfullscreen></iframe>",[]
JlNWTfm1VtA,How to create a myGov account and link to the ATO - Burmese,"By linking your myGov account to the ATO, you can now manage your tax and super affairs whenever it suits you.You can lodge and check the progress of your income tax return as well as update your personal details, keep track of your super and arrange to pay a debt.For more information, visit https://ato.gov.au/online",2017-09-26,"{'default': {'url': 'https://i.ytimg.com/vi/JlNWTfm1VtA/default.jpg', 'width': 120, 'height': 90}, 'medium': {'url': 'https://i.ytimg.com/vi/JlNWTfm1VtA/mqdefault.jpg', 'width': 320, 'height': 180}, 'high': {'url': 'https://i.ytimg.com/vi/JlNWTfm1VtA/hqdefault.jpg', 'width': 480, 'height': 360}, 'standard': {'url': 'https://i.ytimg.com/vi/JlNWTfm1VtA/sddefault.jpg', 'width': 640, 'height': 480}, 'maxres': {'url': 'https://i.ytimg.com/vi/JlNWTfm1VtA/maxresdefault.jpg', 'width': 1280, 'height': 720}}","['link to ATO', 'e-tax', 'lodge online', 'myGov', 'myTax', 'tax return', 'lodge tax return', 'tax', 'ato', 'australia', 'australian taxation office']",27,,,PT3M57S,hd,false,False,rectangular,7559,0,0,0,public,youtube,"<iframe width=""480"" height=""270"" src=""//www.youtube.com/embed/JlNWTfm1VtA"" frameborder=""0"" allow=""accelerometer; autoplay; clipboard-write; encrypted-media; gyroscope; picture-in-picture; web-share"" referrerpolicy=""strict-origin-when-cross-origin"" allowfullscreen></iframe>",[]
uV--djFU3Rs,How to complete the business section in myTax,"If you’re a sole trader, this video will show you how to complete the business section in myTax.
For more information on lodging online with myTax, see https://ato.gov.au/lodgeonline",2017-08-17,"{'default': {'url': 'https://i.ytimg.com/vi/uV--djFU3Rs/default.jpg', 'width': 120, 'height': 90}, 'medium': {'url': 'https://i.ytimg.com/vi/uV--djFU3Rs/mqdefault.jpg', 'width': 320, 'height': 180}, 'high': {'url': 'https://i.ytimg.com/vi/uV--djFU3Rs/hqdefault.jpg', 'width': 480, 'height': 360}, 'standard': {'url': 'https://i.ytimg.com/vi/uV--djFU3Rs/sddefault.jpg', 'width': 640, 'height': 480}, 'maxres': {'url': 'https://i.ytimg.com/vi/uV--djFU3Rs/maxresdefault.jpg', 'width': 1280, 'height': 720}}","['tax', 'my tax', 'mytax', 'sole trader', 'tax return', 'small biz', 'small business', 'lodgement', 'lodgment', 'lodge', 'business', 'lodge online', 'business section', 'personal services income', 'business income', 'business payment summary', 'expenses', 'net income', 'business loss', 'ato', 'australian taxation office', 'australia']",27,en-GB,en-GB,PT2M52S,hd,true,False,rectangular,96464,0,0,0,public,youtube,"<iframe width=""480"" height=""270"" src=""//www.youtube.com/embed/uV--djFU3Rs"" frameborder=""0"" allow=""accelerometer; autoplay; clipboard-write; encrypted-media; gyroscope; picture-in-picture; web-share"" referrerpolicy=""strict-origin-when-cross-origin"" allowfullscreen></iframe>",['https://en.wikipedia.org/wiki/Business']
gLqXV82yK8Y,Simpler BAS,"GST bookkeeping and reporting is now quicker and easier with Simpler BAS – delivering time and cost savings to your business.

Small businesses only need to report ‘Total sales’, ‘GST on sales’ and ‘GST on purchases’ on their business activity statements.

Learn more at https://ato.gov.au/simplerbas",2017-06-29,"{'default': {'url': 'https://i.ytimg.com/vi/gLqXV82yK8Y/default.jpg', 'width': 120, 'height': 90}, 'medium': {'url': 'https://i.ytimg.com/vi/gLqXV82yK8Y/mqdefault.jpg', 'width': 320, 'height': 180}, 'high': {'url': 'https://i.ytimg.com/vi/gLqXV82yK8Y/hqdefault.jpg', 'width': 480, 'height': 360}}","['small business', 'Simpler BAS', 'gst reporting', 'gst bookkeeping']",27,,en-GB,PT1M55S,hd,true,False,rectangular,8504,0,0,0,public,youtube,"<iframe width=""480"" height=""270"" src=""//www.youtube.com/embed/gLqXV82yK8Y"" frameborder=""0"" allow=""accelerometer; autoplay; clipboard-write; encrypted-media; gyroscope; picture-in-picture; web-share"" referrerpolicy=""strict-origin-when-cross-origin"" allowfullscreen></iframe>",['https://en.wikipedia.org/wiki/Business']
o9GRRo7e3h4,How to add an expense using myDeductions,"Watch how easy it is to use the ATO app’s myDeductions tool to keep your records on the go.

The tool can be now be used by both individuals and sole traders.
 
For more information visit, https://ato.gov.au/mydeductions",2017-06-23,"{'default': {'url': 'https://i.ytimg.com/vi/o9GRRo7e3h4/default.jpg', 'width': 120, 'height': 90}, 'medium': {'url': 'https://i.ytimg.com/vi/o9GRRo7e3h4/mqdefault.jpg', 'width': 320, 'height': 180}, 'high': {'url': 'https://i.ytimg.com/vi/o9GRRo7e3h4/hqdefault.jpg', 'width': 480, 'height': 360}, 'standard': {'url': 'https://i.ytimg.com/vi/o9GRRo7e3h4/sddefault.jpg', 'width': 640, 'height': 480}, 'maxres': {'url': 'https://i.ytimg.com/vi/o9GRRo7e3h4/maxresdefault.jpg', 'width': 1280, 'height': 720}}","['Mydeductions', 'deductions', 'ATO app', 'record keeping', 'claiming', 'claiming work-related expenses', 'work-related expenses', 'keeping receipts', 'apportioning expenses', 'claiming car trips', 'car expenses', 'claiming travel expenses', 'work travel expenses', 'self-education expenses', 'claiming uniform expenses', 'claiming gifts and donations', 'cost of managing tax affairs', 'ato', 'tax', 'australia', 'australian taxation office']",27,en-GB,en-GB,PT55S,hd,true,False,rectangular,2562,0,0,0,public,youtube,"<iframe width=""480"" height=""270"" src=""//www.youtube.com/embed/o9GRRo7e3h4"" frameborder=""0"" allow=""accelerometer; autoplay; clipboard-write; encrypted-media; gyroscope; picture-in-picture; web-share"" referrerpolicy=""strict-origin-when-cross-origin"" allowfullscreen></iframe>",[]
dW6hZKXth1c,How to claim expenses if they are partially private,"Watch how easy it is to use the ATO app’s myDeductions tool to keep your records on the go.

The tool can be now be used by both individuals and sole traders. 

For more information visit, https://ato.gov.au/mydeductions",2017-06-23,"{'default': {'url': 'https://i.ytimg.com/vi/dW6hZKXth1c/default.jpg', 'width': 120, 'height': 90}, 'medium': {'url': 'https://i.ytimg.com/vi/dW6hZKXth1c/mqdefault.jpg', 'width': 320, 'height': 180}, 'high': {'url': 'https://i.ytimg.com/vi/dW6hZKXth1c/hqdefault.jpg', 'width': 480, 'height': 360}, 'standard': {'url': 'https://i.ytimg.com/vi/dW6hZKXth1c/sddefault.jpg', 'width': 640, 'height': 480}, 'maxres': {'url': 'https://i.ytimg.com/vi/dW6hZKXth1c/maxresdefault.jpg', 'width': 1280, 'height': 720}}","['my deductions', 'deductionsATO app', 'record keeping', 'claiming deductions', 'claiming work-related expenses', 'work related expenses', 'keeping receipts', 'apportioning expenses', 'claiming car trips', 'car expenses', 'claiming travel expenses', 'work travel expenses', 'self-education expenses', 'claiming uniform expenses', 'claiming gifts and donations cost of managing tax affairs', 'ato', 'tax', 'australia', 'australian taxation office']",27,en-GB,en-GB,PT52S,hd,true,False,rectangular,1200,0,0,0,public,youtube,"<iframe width=""480"" height=""270"" src=""//www.youtube.com/embed/dW6hZKXth1c"" frameborder=""0"" allow=""accelerometer; autoplay; clipboard-write; encrypted-media; gyroscope; picture-in-picture; web-share"" referrerpolicy=""strict-origin-when-cross-origin"" allowfullscreen></iframe>",[]
o24dwTj6qu8,How to add a vehicle and manage your car trips using myDeductions,"Watch how easy it is to use the ATO app’s myDeductions tool to keep your records on the go.

The tool can be now be used by both individuals and sole traders.

For more information visit, https://ato.gov.au/mydeductions",2017-06-23,"{'default': {'url': 'https://i.ytimg.com/vi/o24dwTj6qu8/default.jpg', 'width': 120, 'height': 90}, 'medium': {'url': 'https://i.ytimg.com/vi/o24dwTj6qu8/mqdefault.jpg', 'width': 320, 'height': 180}, 'high': {'url': 'https://i.ytimg.com/vi/o24dwTj6qu8/hqdefault.jpg', 'width': 480, 'height': 360}, 'standard': {'url': 'https://i.ytimg.com/vi/o24dwTj6qu8/sddefault.jpg', 'width': 640, 'height': 480}, 'maxres': {'url': 'https://i.ytimg.com/vi/o24dwTj6qu8/maxresdefault.jpg', 'width': 1280, 'height': 720}}","['deductions', 'atoapp', 'tax', 'record keeping', 'receipts', 'expenses', 'car', 'car trips', 'claiming gifts and donations', 'claiming travel expenses', 'self education expenses', 'myDeductions', 'ato', 'australia', 'australian tax office']",27,en-GB,en-GB,PT1M32S,hd,true,False,rectangular,2996,0,0,0,public,youtube,"<iframe width=""480"" height=""270"" src=""//www.youtube.com/embed/o24dwTj6qu8"" frameborder=""0"" allow=""accelerometer; autoplay; clipboard-write; encrypted-media; gyroscope; picture-in-picture; web-share"" referrerpolicy=""strict-origin-when-cross-origin"" allowfullscreen></iframe>",[]
F-euoS8iJWk,Phoenix Case Study – Diverse Interior Linings,"We’ve partnered with David Koch’s Business Builders to produce a series of informative videos that highlight the risk of phoenix activity to the community. In this video, we examine a real-life example from a small business owner who's been affected by a phoenix operator. Phoenix activity impacts employees, contractors and the business community. 
Find out how to protect yourself and how to report phoenix activity at https://ato.gov.au/phoenix",2017-06-20,"{'default': {'url': 'https://i.ytimg.com/vi/F-euoS8iJWk/default.jpg', 'width': 120, 'height': 90}, 'medium': {'url': 'https://i.ytimg.com/vi/F-euoS8iJWk/mqdefault.jpg', 'width': 320, 'height': 180}, 'high': {'url': 'https://i.ytimg.com/vi/F-euoS8iJWk/hqdefault.jpg', 'width': 480, 'height': 360}, 'standard': {'url': 'https://i.ytimg.com/vi/F-euoS8iJWk/sddefault.jpg', 'width': 640, 'height': 480}, 'maxres': {'url': 'https://i.ytimg.com/vi/F-euoS8iJWk/maxresdefault.jpg', 'width': 1280, 'height': 720}}","['phoenix', 'fraud', 'builders', 'contractors', 'small business', 'illegal phoenix activity', 'involuntary administration', 'phoenix taskforce', 'ASIC', 'employees', 'Business', 'business community', 'protect', 'protect yourself', 'ato', 'australia', 'tax', 'autralian tax office']",27,,en-GB,PT4M13S,hd,true,False,rectangular,508,0,0,0,public,youtube,"<iframe width=""480"" height=""270"" src=""//www.youtube.com/embed/F-euoS8iJWk"" frameborder=""0"" allow=""accelerometer; autoplay; clipboard-write; encrypted-media; gyroscope; picture-in-picture; web-share"" referrerpolicy=""strict-origin-when-cross-origin"" allowfullscreen></iframe>",['https://en.wikipedia.org/wiki/Business']
UifSWorJND0,Protect yourself from illegal phoenix activity,"Would you know if a phoenix operator was trying to rip you off? Know the signs and protect yourself. 

Illegal phoenix activity is when a new company is created to continue the business of a company that has been deliberately liquidated to avoid paying its debts, including taxes, creditors and employee entitlements.   This illegal phoenix activity impacts the business community, employees, contractors, the government and environment. 

Read more at https://www.ato.gov.au/phoenix",2017-03-30,"{'default': {'url': 'https://i.ytimg.com/vi/UifSWorJND0/default.jpg', 'width': 120, 'height': 90}, 'medium': {'url': 'https://i.ytimg.com/vi/UifSWorJND0/mqdefault.jpg', 'width': 320, 'height': 180}, 'high': {'url': 'https://i.ytimg.com/vi/UifSWorJND0/hqdefault.jpg', 'width': 480, 'height': 360}}","['phoenix', 'fraud', 'builders', 'contractors', 'small business', 'illegal', 'phoenix activity', 'involuntary administration', 'phoenix taskforce', 'ASIC', 'employees', 'business community', 'Business', 'protect yourself', 'protect']",27,,en-GB,PT34S,hd,true,False,rectangular,3010,0,0,0,public,youtube,"<iframe width=""480"" height=""270"" src=""//www.youtube.com/embed/UifSWorJND0"" frameborder=""0"" allow=""accelerometer; autoplay; clipboard-write; encrypted-media; gyroscope; picture-in-picture; web-share"" referrerpolicy=""strict-origin-when-cross-origin"" allowfullscreen></iframe>",[]
oAGW-48L5ks,Benefits of the practitioner lodgment service,"Find out about some of the improvements the practitioner lodgment service (PLS) will provide. 
For more information go to https://ato.gov.au/pls",2017-03-10,"{'default': {'url': 'https://i.ytimg.com/vi/oAGW-48L5ks/default.jpg', 'width': 120, 'height': 90}, 'medium': {'url': 'https://i.ytimg.com/vi/oAGW-48L5ks/mqdefault.jpg', 'width': 320, 'height': 180}, 'high': {'url': 'https://i.ytimg.com/vi/oAGW-48L5ks/hqdefault.jpg', 'width': 480, 'height': 360}, 'standard': {'url': 'https://i.ytimg.com/vi/oAGW-48L5ks/sddefault.jpg', 'width': 640, 'height': 480}, 'maxres': {'url': 'https://i.ytimg.com/vi/oAGW-48L5ks/maxresdefault.jpg', 'width': 1280, 'height': 720}}","['PLS', 'Practitioner lodgment service', 'Standard Business Reporting', 'SBR', 'ATO', 'Austrailan Taxation Office', 'Australia', 'Tax', 'tax office']",27,,en-GB,PT1M23S,hd,true,False,rectangular,1401,0,0,0,public,youtube,"<iframe width=""480"" height=""270"" src=""//www.youtube.com/embed/oAGW-48L5ks"" frameborder=""0"" allow=""accelerometer; autoplay; clipboard-write; encrypted-media; gyroscope; picture-in-picture; web-share"" referrerpolicy=""strict-origin-when-cross-origin"" allowfullscreen></iframe>",[]
V1Tv9OUkZhw,FBT and entertainment webinar,"This webinar provides advice on FBT and entertainment to employers, small business owners and tax professionals.

It covers:
• when the provision of food, drink or recreation may be considered entertainment
• whether the entertainment is subject to FBT
• the methods available for valuing entertainment fringe benefits.

This webinar was held on 22 November 2016 and was presented by ATO technical specialists Amber Ibbott and Natasha Sekulic.",2017-01-25,"{'default': {'url': 'https://i.ytimg.com/vi/V1Tv9OUkZhw/default.jpg', 'width': 120, 'height': 90}, 'medium': {'url': 'https://i.ytimg.com/vi/V1Tv9OUkZhw/mqdefault.jpg', 'width': 320, 'height': 180}, 'high': {'url': 'https://i.ytimg.com/vi/V1Tv9OUkZhw/hqdefault.jpg', 'width': 480, 'height': 360}, 'standard': {'url': 'https://i.ytimg.com/vi/V1Tv9OUkZhw/sddefault.jpg', 'width': 640, 'height': 480}, 'maxres': {'url': 'https://i.ytimg.com/vi/V1Tv9OUkZhw/maxresdefault.jpg', 'width': 1280, 'height': 720}}","['FBT', 'fringe benefits', 'entertainment', 'provision of food and drink', 'provision of entertainment', 'small business', 'tax professionals', 'employers', 'ATO', 'tax office', 'tax', 'Australia', 'Australian taxation office']",27,en-GB,en-GB,PT45M17S,hd,true,False,rectangular,8142,0,0,0,public,youtube,"<iframe width=""480"" height=""270"" src=""//www.youtube.com/embed/V1Tv9OUkZhw"" frameborder=""0"" allow=""accelerometer; autoplay; clipboard-write; encrypted-media; gyroscope; picture-in-picture; web-share"" referrerpolicy=""strict-origin-when-cross-origin"" allowfullscreen></iframe>",['https://en.wikipedia.org/wiki/Knowledge']
Zce-u5onC4Y,Don’t leave your money behind,"Have you worked in Australia as a temporary resident? Watch this video to learn how to claim your super.

Find out more at https://www.ato.gov.au/individuals/super/in-detail/withdrawing-and-paying-tax/super-information-for-temporary-residents-departing-australia/",2016-11-29,"{'default': {'url': 'https://i.ytimg.com/vi/Zce-u5onC4Y/default.jpg', 'width': 120, 'height': 90}, 'medium': {'url': 'https://i.ytimg.com/vi/Zce-u5onC4Y/mqdefault.jpg', 'width': 320, 'height': 180}, 'high': {'url': 'https://i.ytimg.com/vi/Zce-u5onC4Y/hqdefault.jpg', 'width': 480, 'height': 360}, 'standard': {'url': 'https://i.ytimg.com/vi/Zce-u5onC4Y/sddefault.jpg', 'width': 640, 'height': 480}, 'maxres': {'url': 'https://i.ytimg.com/vi/Zce-u5onC4Y/maxresdefault.jpg', 'width': 1280, 'height': 720}}","['Claim', 'Temporary', 'Residents', 'Super', 'Leaving', '457', 'VISA', 'DASP', 'Departing Australia superannuation payment', 'Australian Taxation Office', 'ATO']",27,en-GB,en-GB,PT1M24S,hd,true,False,rectangular,3253,0,0,0,public,youtube,"<iframe width=""480"" height=""270"" src=""//www.youtube.com/embed/Zce-u5onC4Y"" frameborder=""0"" allow=""accelerometer; autoplay; clipboard-write; encrypted-media; gyroscope; picture-in-picture; web-share"" referrerpolicy=""strict-origin-when-cross-origin"" allowfullscreen></iframe>",['https://en.wikipedia.org/wiki/Society']
hTbAUf_jIkQ,Signs of phoenix activity,"We’ve partnered with David Koch’s Business Builders to produce a series of informative videos that highlight the risk of phoenix activity to the community. 
Fraudulent 'phoenix' activity occurs where a company deliberately liquidates to avoid paying creditors, taxes and employee entitlements. In this video, learn some of the signs to identify phoenix activity before it affects you.
Phoenix activity has impacts on the business community, employees and contractors, the government and the environment. To learn more, including how to report phoenix activity, visit https://ato.gov.au/phoenix",2016-08-11,"{'default': {'url': 'https://i.ytimg.com/vi/hTbAUf_jIkQ/default.jpg', 'width': 120, 'height': 90}, 'medium': {'url': 'https://i.ytimg.com/vi/hTbAUf_jIkQ/mqdefault.jpg', 'width': 320, 'height': 180}, 'high': {'url': 'https://i.ytimg.com/vi/hTbAUf_jIkQ/hqdefault.jpg', 'width': 480, 'height': 360}, 'standard': {'url': 'https://i.ytimg.com/vi/hTbAUf_jIkQ/sddefault.jpg', 'width': 640, 'height': 480}, 'maxres': {'url': 'https://i.ytimg.com/vi/hTbAUf_jIkQ/maxresdefault.jpg', 'width': 1280, 'height': 720}}","['phoenix', 'fraud', 'contractors', 'builders', 'small business', 'construction', 'phoenix activity', 'ASIC', 'phoenix companies', 'involuntary administration', 'company registrations', 'credit rating', 'australian taxation office', 'ato', 'tax office', 'tax', 'australia']",27,,en-GB,PT1M23S,hd,true,False,rectangular,1596,0,0,0,public,youtube,"<iframe width=""480"" height=""270"" src=""//www.youtube.com/embed/hTbAUf_jIkQ"" frameborder=""0"" allow=""accelerometer; autoplay; clipboard-write; encrypted-media; gyroscope; picture-in-picture; web-share"" referrerpolicy=""strict-origin-when-cross-origin"" allowfullscreen></iframe>",['https://en.wikipedia.org/wiki/Business']
fNI_4esISq8,SMSF - Related party transactions,"Can your SMSF conduct transactions with related parties? Watch this video to understand the rules and the pit falls.
Learn more at https://www.ato.gov.au/super/self-managed-super-funds/investing/restrictions-on-investments/acquiring-assets-from-related-parties/",2015-11-09,"{'default': {'url': 'https://i.ytimg.com/vi/fNI_4esISq8/default.jpg', 'width': 120, 'height': 90}, 'medium': {'url': 'https://i.ytimg.com/vi/fNI_4esISq8/mqdefault.jpg', 'width': 320, 'height': 180}, 'high': {'url': 'https://i.ytimg.com/vi/fNI_4esISq8/hqdefault.jpg', 'width': 480, 'height': 360}, 'standard': {'url': 'https://i.ytimg.com/vi/fNI_4esISq8/sddefault.jpg', 'width': 640, 'height': 480}, 'maxres': {'url': 'https://i.ytimg.com/vi/fNI_4esISq8/maxresdefault.jpg', 'width': 1280, 'height': 720}}","['Australian Taxation Office', 'ATO', 'ato gov au', 'super', 'superannuation', 'SMSF', 'self-managed super fund', 'related party', 'related parties', 'relative of a member', 'related party transactions', 'in-house assets', 'collectables', 'SMSF loans', 'SMSF acquisitions', 'sole purpose', 'investing', 'investment']",27,,en-GB,PT3M2S,hd,true,False,rectangular,12121,0,0,0,public,youtube,"<iframe width=""480"" height=""270"" src=""//www.youtube.com/embed/fNI_4esISq8"" frameborder=""0"" allow=""accelerometer; autoplay; clipboard-write; encrypted-media; gyroscope; picture-in-picture; web-share"" referrerpolicy=""strict-origin-when-cross-origin"" allowfullscreen></iframe>",['https://en.wikipedia.org/wiki/Society']
-GVHlMcsTcw,SMSF- What happens when a member dies?,"If a member dies, what happens to your SMSF and the member’s benefits? This video helps you to understand what you need to do.
Find out more about your fund’s obligation at https://www.ato.gov.au/Super/Self-managed-super-funds/Paying-benefits/Death-of-a-member/",2015-09-10,"{'default': {'url': 'https://i.ytimg.com/vi/-GVHlMcsTcw/default.jpg', 'width': 120, 'height': 90}, 'medium': {'url': 'https://i.ytimg.com/vi/-GVHlMcsTcw/mqdefault.jpg', 'width': 320, 'height': 180}, 'high': {'url': 'https://i.ytimg.com/vi/-GVHlMcsTcw/hqdefault.jpg', 'width': 480, 'height': 360}, 'standard': {'url': 'https://i.ytimg.com/vi/-GVHlMcsTcw/sddefault.jpg', 'width': 640, 'height': 480}, 'maxres': {'url': 'https://i.ytimg.com/vi/-GVHlMcsTcw/maxresdefault.jpg', 'width': 1280, 'height': 720}}","['Australian Taxation Office', 'ATO', 'ato gov au', 'super', 'superannuation', 'SMSF', 'self-managed super fund', 'death benefit', 'super payment', 'beneficiary', 'dependant']",27,,en-GB,PT3M1S,hd,true,False,rectangular,17109,0,0,0,public,youtube,"<iframe width=""480"" height=""270"" src=""//www.youtube.com/embed/-GVHlMcsTcw"" frameborder=""0"" allow=""accelerometer; autoplay; clipboard-write; encrypted-media; gyroscope; picture-in-picture; web-share"" referrerpolicy=""strict-origin-when-cross-origin"" allowfullscreen></iframe>",[]
oUCR7eWCyDE,SMSF - The annual audit,"What’s involved in the annual audit of your SMSF?
Find out about the obligations that are required for an SMSF auditor  to undertake their responsibilities here https://www.ato.gov.au/super/self-managed-super-funds/smsf-auditors/auditing-an-smsf/",2015-09-10,"{'default': {'url': 'https://i.ytimg.com/vi/oUCR7eWCyDE/default.jpg', 'width': 120, 'height': 90}, 'medium': {'url': 'https://i.ytimg.com/vi/oUCR7eWCyDE/mqdefault.jpg', 'width': 320, 'height': 180}, 'high': {'url': 'https://i.ytimg.com/vi/oUCR7eWCyDE/hqdefault.jpg', 'width': 480, 'height': 360}, 'standard': {'url': 'https://i.ytimg.com/vi/oUCR7eWCyDE/sddefault.jpg', 'width': 640, 'height': 480}, 'maxres': {'url': 'https://i.ytimg.com/vi/oUCR7eWCyDE/maxresdefault.jpg', 'width': 1280, 'height': 720}}","['Australian Taxation Office', 'ATO', 'ato gov au', 'super', 'superannuation', 'SMSF', 'self-managed super fund', 'SMSF auditor', 'approved auditor', 'SMSF audit', 'audit', 'independent auditor’s report', 'audit report']",27,,en-GB,PT2M39S,hd,true,False,rectangular,7394,0,0,0,public,youtube,"<iframe width=""480"" height=""270"" src=""//www.youtube.com/embed/oUCR7eWCyDE"" frameborder=""0"" allow=""accelerometer; autoplay; clipboard-write; encrypted-media; gyroscope; picture-in-picture; web-share"" referrerpolicy=""strict-origin-when-cross-origin"" allowfullscreen></iframe>",['https://en.wikipedia.org/wiki/Society']
NbJJzVyzkU0,SMSF – What happens if your fund breaches the law?,"This video shows the possible consequences and how professionals may be able to influence the outcome.
To find out more about how the ATO deals with non compliance read  here https://www.ato.gov.au/super/self-managed-super-funds/administering-and-reporting/how-we-help-and-regulate-smsfs/how-we-deal-with-non-compliance/",2015-08-19,"{'default': {'url': 'https://i.ytimg.com/vi/NbJJzVyzkU0/default.jpg', 'width': 120, 'height': 90}, 'medium': {'url': 'https://i.ytimg.com/vi/NbJJzVyzkU0/mqdefault.jpg', 'width': 320, 'height': 180}, 'high': {'url': 'https://i.ytimg.com/vi/NbJJzVyzkU0/hqdefault.jpg', 'width': 480, 'height': 360}, 'standard': {'url': 'https://i.ytimg.com/vi/NbJJzVyzkU0/sddefault.jpg', 'width': 640, 'height': 480}, 'maxres': {'url': 'https://i.ytimg.com/vi/NbJJzVyzkU0/maxresdefault.jpg', 'width': 1280, 'height': 720}}","['Australian Taxation Office', 'ATO', 'ato gov au', 'super', 'superannuation', 'SMSF', 'self-managed super fund', 'breach', 'contravention', 'super laws', 'compliance action', 'complying fund', 'penalties', 'rectifying', 'planning', 'obligations']",27,,en-GB,PT2M8S,hd,true,False,rectangular,6515,0,0,0,public,youtube,"<iframe width=""480"" height=""270"" src=""//www.youtube.com/embed/NbJJzVyzkU0"" frameborder=""0"" allow=""accelerometer; autoplay; clipboard-write; encrypted-media; gyroscope; picture-in-picture; web-share"" referrerpolicy=""strict-origin-when-cross-origin"" allowfullscreen></iframe>",['https://en.wikipedia.org/wiki/Society']
fMyCu9vFEn8,What happens if you go over the super contributions caps?,"Making contributions over the super caps has specific consequences depending on your age and the type of contribution you make. 
This short video will outline those consequences",2015-05-05,"{'default': {'url': 'https://i.ytimg.com/vi/fMyCu9vFEn8/default.jpg', 'width': 120, 'height': 90}, 'medium': {'url': 'https://i.ytimg.com/vi/fMyCu9vFEn8/mqdefault.jpg', 'width': 320, 'height': 180}, 'high': {'url': 'https://i.ytimg.com/vi/fMyCu9vFEn8/hqdefault.jpg', 'width': 480, 'height': 360}, 'standard': {'url': 'https://i.ytimg.com/vi/fMyCu9vFEn8/sddefault.jpg', 'width': 640, 'height': 480}, 'maxres': {'url': 'https://i.ytimg.com/vi/fMyCu9vFEn8/maxresdefault.jpg', 'width': 1280, 'height': 720}}","['Super', 'superannuation', 'contribution caps', 'limits', 'consequences', 'concessional', 'non-concessional', 'interest charge', 'over', 'above', 'exceed', 'annual', 'yearly', 'year', 'financial', 'salary sacrifice', 'wages', 'withdraw', 'marginal rate', 'additional 85', 'top', 'before', 'tax', 'after pay', 'payment', '15', 'pig', 'extra', 'excess', 'supercaps', 'Australia', 'australian taxation office tax', 'austaxoffice', 'ato gov au']",27,,en,PT1M46S,hd,true,False,rectangular,47269,0,0,0,public,youtube,"<iframe width=""480"" height=""270"" src=""//www.youtube.com/embed/fMyCu9vFEn8"" frameborder=""0"" allow=""accelerometer; autoplay; clipboard-write; encrypted-media; gyroscope; picture-in-picture; web-share"" referrerpolicy=""strict-origin-when-cross-origin"" allowfullscreen></iframe>","['https://en.wikipedia.org/wiki/Health', 'https://en.wikipedia.org/wiki/Society']"
pP_RDWtilWk,SMSF - Business real property,What is business real property and can your SMSF invest in it?,2014-10-23,"{'default': {'url': 'https://i.ytimg.com/vi/pP_RDWtilWk/default.jpg', 'width': 120, 'height': 90}, 'medium': {'url': 'https://i.ytimg.com/vi/pP_RDWtilWk/mqdefault.jpg', 'width': 320, 'height': 180}, 'high': {'url': 'https://i.ytimg.com/vi/pP_RDWtilWk/hqdefault.jpg', 'width': 480, 'height': 360}, 'standard': {'url': 'https://i.ytimg.com/vi/pP_RDWtilWk/sddefault.jpg', 'width': 640, 'height': 480}, 'maxres': {'url': 'https://i.ytimg.com/vi/pP_RDWtilWk/maxresdefault.jpg', 'width': 1280, 'height': 720}}","['Australian Taxation Office', 'ATO', 'ato gov au', 'SMSF', 'self-managed super fund', 'trustee', 'business real property', 'BRP', 'property', 'property investment', 'farm', 'business', 'lease', 'land and buildings', 'commercial property', 'primary production']",27,,en-GB,PT2M1S,hd,true,False,rectangular,14764,0,0,0,public,youtube,"<iframe width=""480"" height=""270"" src=""//www.youtube.com/embed/pP_RDWtilWk"" frameborder=""0"" allow=""accelerometer; autoplay; clipboard-write; encrypted-media; gyroscope; picture-in-picture; web-share"" referrerpolicy=""strict-origin-when-cross-origin"" allowfullscreen></iframe>","['https://en.wikipedia.org/wiki/Business', 'https://en.wikipedia.org/wiki/Society']"
FnX4ruz6GyA,SMSF – When should I wind up my SMSF,Thinking about winding up your SMSF? Here are some common reasons for winding up and the steps to follow to get it done.,2014-10-23,"{'default': {'url': 'https://i.ytimg.com/vi/FnX4ruz6GyA/default.jpg', 'width': 120, 'height': 90}, 'medium': {'url': 'https://i.ytimg.com/vi/FnX4ruz6GyA/mqdefault.jpg', 'width': 320, 'height': 180}, 'high': {'url': 'https://i.ytimg.com/vi/FnX4ruz6GyA/hqdefault.jpg', 'width': 480, 'height': 360}, 'standard': {'url': 'https://i.ytimg.com/vi/FnX4ruz6GyA/sddefault.jpg', 'width': 640, 'height': 480}, 'maxres': {'url': 'https://i.ytimg.com/vi/FnX4ruz6GyA/maxresdefault.jpg', 'width': 1280, 'height': 720}}","['Australian Taxation Office', 'ATO', 'ato gov au', 'super', 'superannuation', 'SMSF', 'self-managed super fund', 'trustee', 'wind up', 'winding up', 'closing your SMSF', 'ending your SMSF', 'relationship breakdown', 'final audit', 'final SMSF annual return']",27,,en-GB,PT2M40S,hd,true,False,rectangular,16771,0,0,0,public,youtube,"<iframe width=""480"" height=""270"" src=""//www.youtube.com/embed/FnX4ruz6GyA"" frameborder=""0"" allow=""accelerometer; autoplay; clipboard-write; encrypted-media; gyroscope; picture-in-picture; web-share"" referrerpolicy=""strict-origin-when-cross-origin"" allowfullscreen></iframe>",['https://en.wikipedia.org/wiki/Society']
geOAUOD8TxE,Record keeping in your SMSF,"Learn more about SMSF record-keeping requirements, the types of records that must be kept and for how long.",2014-10-23,"{'default': {'url': 'https://i.ytimg.com/vi/geOAUOD8TxE/default.jpg', 'width': 120, 'height': 90}, 'medium': {'url': 'https://i.ytimg.com/vi/geOAUOD8TxE/mqdefault.jpg', 'width': 320, 'height': 180}, 'high': {'url': 'https://i.ytimg.com/vi/geOAUOD8TxE/hqdefault.jpg', 'width': 480, 'height': 360}, 'standard': {'url': 'https://i.ytimg.com/vi/geOAUOD8TxE/sddefault.jpg', 'width': 640, 'height': 480}, 'maxres': {'url': 'https://i.ytimg.com/vi/geOAUOD8TxE/maxresdefault.jpg', 'width': 1280, 'height': 720}}","['ATO', 'ato gov au', 'super', 'superannuation', 'SMSF', 'self-managed super fund', 'trustee', 'trustee declaration', 'trustee obligations', 'trustee duties', 'trustee responsibilities', 'record-keeping', '5 years', '10 years']",27,,en,PT2M23S,hd,true,False,rectangular,9087,0,0,0,public,youtube,"<iframe width=""480"" height=""270"" src=""//www.youtube.com/embed/geOAUOD8TxE"" frameborder=""0"" allow=""accelerometer; autoplay; clipboard-write; encrypted-media; gyroscope; picture-in-picture; web-share"" referrerpolicy=""strict-origin-when-cross-origin"" allowfullscreen></iframe>",['https://en.wikipedia.org/wiki/Knowledge']
RBj3A5i23kY,Why do I want an SMSF,Look at these myths and facts about SMSFs before deciding if you want an SMSF.,2014-10-23,"{'default': {'url': 'https://i.ytimg.com/vi/RBj3A5i23kY/default.jpg', 'width': 120, 'height': 90}, 'medium': {'url': 'https://i.ytimg.com/vi/RBj3A5i23kY/mqdefault.jpg', 'width': 320, 'height': 180}, 'high': {'url': 'https://i.ytimg.com/vi/RBj3A5i23kY/hqdefault.jpg', 'width': 480, 'height': 360}, 'standard': {'url': 'https://i.ytimg.com/vi/RBj3A5i23kY/sddefault.jpg', 'width': 640, 'height': 480}, 'maxres': {'url': 'https://i.ytimg.com/vi/RBj3A5i23kY/maxresdefault.jpg', 'width': 1280, 'height': 720}}","['Australian Taxation Office', 'ATO', 'ato gov au', 'SMSF', 'self-managed super fund', 'trustee', 'super', 'superannuation', 'DIY fund', 'member', 'myths', 'AusTaxOffice']",27,,en,PT2M18S,hd,true,False,rectangular,46367,0,0,0,public,youtube,"<iframe width=""480"" height=""270"" src=""//www.youtube.com/embed/RBj3A5i23kY"" frameborder=""0"" allow=""accelerometer; autoplay; clipboard-write; encrypted-media; gyroscope; picture-in-picture; web-share"" referrerpolicy=""strict-origin-when-cross-origin"" allowfullscreen></iframe>",['https://en.wikipedia.org/wiki/Society']
EUcXm2VBqsc,SMSF Borrowing and limited recourse borrowing arrangements,Can your SMSF borrow to buy an asset? Watch these case studies to learn more.,2014-10-22,"{'default': {'url': 'https://i.ytimg.com/vi/EUcXm2VBqsc/default.jpg', 'width': 120, 'height': 90}, 'medium': {'url': 'https://i.ytimg.com/vi/EUcXm2VBqsc/mqdefault.jpg', 'width': 320, 'height': 180}, 'high': {'url': 'https://i.ytimg.com/vi/EUcXm2VBqsc/hqdefault.jpg', 'width': 480, 'height': 360}, 'standard': {'url': 'https://i.ytimg.com/vi/EUcXm2VBqsc/sddefault.jpg', 'width': 640, 'height': 480}, 'maxres': {'url': 'https://i.ytimg.com/vi/EUcXm2VBqsc/maxresdefault.jpg', 'width': 1280, 'height': 720}}","['Australian Taxation Office', 'ATO', 'ato gov au', 'super', 'superannuation', 'SMSF', 'self managed super fund', 'borrow', 'borrowing', 'limited recourse', 'limited recourse borrowing arrangement', 'LRBA', 'loan', 'asset', 'lender', 'buy property', 'buy asset', 'borrowing rules']",27,,en-GB,PT2M21S,hd,true,False,rectangular,30626,0,0,0,public,youtube,"<iframe width=""480"" height=""270"" src=""//www.youtube.com/embed/EUcXm2VBqsc"" frameborder=""0"" allow=""accelerometer; autoplay; clipboard-write; encrypted-media; gyroscope; picture-in-picture; web-share"" referrerpolicy=""strict-origin-when-cross-origin"" allowfullscreen></iframe>",['https://en.wikipedia.org/wiki/Society']
HGNLf_0WcPA,SMSF - In-house assets,What are in-house assets and can your SMSF invest in them?,2014-10-22,"{'default': {'url': 'https://i.ytimg.com/vi/HGNLf_0WcPA/default.jpg', 'width': 120, 'height': 90}, 'medium': {'url': 'https://i.ytimg.com/vi/HGNLf_0WcPA/mqdefault.jpg', 'width': 320, 'height': 180}, 'high': {'url': 'https://i.ytimg.com/vi/HGNLf_0WcPA/hqdefault.jpg', 'width': 480, 'height': 360}, 'standard': {'url': 'https://i.ytimg.com/vi/HGNLf_0WcPA/sddefault.jpg', 'width': 640, 'height': 480}, 'maxres': {'url': 'https://i.ytimg.com/vi/HGNLf_0WcPA/maxresdefault.jpg', 'width': 1280, 'height': 720}}","['in-house asset rule', 'loan', 'Australian Taxation Office', 'investment', 'ATO', 'Australia', 'in-house asset', 'trustee', 'tax', 'ato gov au', 'SMSF', 'self-managed super fund', 'related party', 'austaxoffice', '“ato.gov.au”', 'lease']",27,,en,PT2M26S,hd,true,False,rectangular,27156,0,0,0,public,youtube,"<iframe width=""480"" height=""270"" src=""//www.youtube.com/embed/HGNLf_0WcPA"" frameborder=""0"" allow=""accelerometer; autoplay; clipboard-write; encrypted-media; gyroscope; picture-in-picture; web-share"" referrerpolicy=""strict-origin-when-cross-origin"" allowfullscreen></iframe>",['https://en.wikipedia.org/wiki/Society']
NMSHZ2WCn2A,SMSF – Planning for retirement,Plan ahead before making super benefit payments to a member. Make sure your fund has enough cash to make minimum annual payments.,2014-10-03,"{'default': {'url': 'https://i.ytimg.com/vi/NMSHZ2WCn2A/default.jpg', 'width': 120, 'height': 90}, 'medium': {'url': 'https://i.ytimg.com/vi/NMSHZ2WCn2A/mqdefault.jpg', 'width': 320, 'height': 180}, 'high': {'url': 'https://i.ytimg.com/vi/NMSHZ2WCn2A/hqdefault.jpg', 'width': 480, 'height': 360}, 'standard': {'url': 'https://i.ytimg.com/vi/NMSHZ2WCn2A/sddefault.jpg', 'width': 640, 'height': 480}, 'maxres': {'url': 'https://i.ytimg.com/vi/NMSHZ2WCn2A/maxresdefault.jpg', 'width': 1280, 'height': 720}}","['Australian Taxation Office', 'ATO', 'ato gov au', 'super', 'superannuation', 'SMSF', 'self managed super fund', 'minimum annual payments', 'trustee', 'super payments', 'benefits', 'pension', 'income stream', 'lump sum', 'lump sum payment', 'liquidity', 'assets', 'retirement', 'retiring']",27,,en-GB,PT2M28S,hd,true,False,rectangular,12600,0,0,0,public,youtube,"<iframe width=""480"" height=""270"" src=""//www.youtube.com/embed/NMSHZ2WCn2A"" frameborder=""0"" allow=""accelerometer; autoplay; clipboard-write; encrypted-media; gyroscope; picture-in-picture; web-share"" referrerpolicy=""strict-origin-when-cross-origin"" allowfullscreen></iframe>",['https://en.wikipedia.org/wiki/Society']
dmQJviJiAwE,SMSF – Retirement and conditions of release,When can you access super from your SMSF? This video will explain  conditions of release.,2014-10-03,"{'default': {'url': 'https://i.ytimg.com/vi/dmQJviJiAwE/default.jpg', 'width': 120, 'height': 90}, 'medium': {'url': 'https://i.ytimg.com/vi/dmQJviJiAwE/mqdefault.jpg', 'width': 320, 'height': 180}, 'high': {'url': 'https://i.ytimg.com/vi/dmQJviJiAwE/hqdefault.jpg', 'width': 480, 'height': 360}, 'standard': {'url': 'https://i.ytimg.com/vi/dmQJviJiAwE/sddefault.jpg', 'width': 640, 'height': 480}, 'maxres': {'url': 'https://i.ytimg.com/vi/dmQJviJiAwE/maxresdefault.jpg', 'width': 1280, 'height': 720}}","['Australian Taxation Office', 'ATO', 'ato gov au', 'Super', 'superannuation', 'SMSF', 'self managed super fund', 'trustee', 'super payments', 'benefits', 'pension', 'income stream', 'lump sum', 'lump sum payment', 'condition of release', 'conditions of release', 'retirment', 'retiring', 'death', 'transistion-to-retirment', 'preservation age', 'beneficiary', 'dependant', 'incapacity', 'hardship', 'terminal medical condition', 'compassionate grounds']",27,,en-GB,PT2M12S,hd,true,False,rectangular,67950,0,0,0,public,youtube,"<iframe width=""480"" height=""270"" src=""//www.youtube.com/embed/dmQJviJiAwE"" frameborder=""0"" allow=""accelerometer; autoplay; clipboard-write; encrypted-media; gyroscope; picture-in-picture; web-share"" referrerpolicy=""strict-origin-when-cross-origin"" allowfullscreen></iframe>",['https://en.wikipedia.org/wiki/Knowledge']
E4W9yr7MngU,SMSF – Setting up your SMSF,Here are some of the key steps you need to take when you set up your SMSF.,2014-09-15,"{'default': {'url': 'https://i.ytimg.com/vi/E4W9yr7MngU/default.jpg', 'width': 120, 'height': 90}, 'medium': {'url': 'https://i.ytimg.com/vi/E4W9yr7MngU/mqdefault.jpg', 'width': 320, 'height': 180}, 'high': {'url': 'https://i.ytimg.com/vi/E4W9yr7MngU/hqdefault.jpg', 'width': 480, 'height': 360}, 'standard': {'url': 'https://i.ytimg.com/vi/E4W9yr7MngU/sddefault.jpg', 'width': 640, 'height': 480}, 'maxres': {'url': 'https://i.ytimg.com/vi/E4W9yr7MngU/maxresdefault.jpg', 'width': 1280, 'height': 720}}","['Australian Taxatino Office', 'ATO', 'ato gov au', 'super', 'superannuation', 'SMSF', 'self managed super fund', 'DIY fund', 'DIY super', 'new', 'typical', 'setting up', 'set', 'up', 'first time', 'beginning', 'establish', 'trust deed', 'SMSF assets', 'trustee', 'declaration', 'register', 'Australian business register', 'elect to be regulated', 'SFLU', 'super fund lookup', 'SMSF messaging provider', 'SMSF messaging service provider', 'things to do']",27,,en-GB,PT2M21S,hd,true,False,rectangular,48553,0,0,0,public,youtube,"<iframe width=""480"" height=""270"" src=""//www.youtube.com/embed/E4W9yr7MngU"" frameborder=""0"" allow=""accelerometer; autoplay; clipboard-write; encrypted-media; gyroscope; picture-in-picture; web-share"" referrerpolicy=""strict-origin-when-cross-origin"" allowfullscreen></iframe>",[]
UmxCE6XjjHk,SMSF – Arm’s length,"Are you conducting your SMSF’s transactions at arm’s length? If you aren’t sure, watch this video and learn more about what this means.",2014-09-15,"{'default': {'url': 'https://i.ytimg.com/vi/UmxCE6XjjHk/default.jpg', 'width': 120, 'height': 90}, 'medium': {'url': 'https://i.ytimg.com/vi/UmxCE6XjjHk/mqdefault.jpg', 'width': 320, 'height': 180}, 'high': {'url': 'https://i.ytimg.com/vi/UmxCE6XjjHk/hqdefault.jpg', 'width': 480, 'height': 360}, 'standard': {'url': 'https://i.ytimg.com/vi/UmxCE6XjjHk/sddefault.jpg', 'width': 640, 'height': 480}, 'maxres': {'url': 'https://i.ytimg.com/vi/UmxCE6XjjHk/maxresdefault.jpg', 'width': 1280, 'height': 720}}","['Australian Taxation Office', 'ATO', 'ato', 'gov', 'au', 'super', 'superannuation', 'SMSF', 'self-managed super fund', 'investments', 'interest', ""arm's length"", 'commercial terms', 'commercial rates', 'related party', ""non-arm's length""]",27,,en-GB,PT2M26S,hd,true,False,rectangular,19102,0,0,0,public,youtube,"<iframe width=""480"" height=""270"" src=""//www.youtube.com/embed/UmxCE6XjjHk"" frameborder=""0"" allow=""accelerometer; autoplay; clipboard-write; encrypted-media; gyroscope; picture-in-picture; web-share"" referrerpolicy=""strict-origin-when-cross-origin"" allowfullscreen></iframe>",['https://en.wikipedia.org/wiki/Knowledge']
tcf_EvgO12I,SMSF – Trustee declaration,A trustee declaration must be completed and kept on file by SMSF trustees. Find out more about it here.,2014-08-26,"{'default': {'url': 'https://i.ytimg.com/vi/tcf_EvgO12I/default.jpg', 'width': 120, 'height': 90}, 'medium': {'url': 'https://i.ytimg.com/vi/tcf_EvgO12I/mqdefault.jpg', 'width': 320, 'height': 180}, 'high': {'url': 'https://i.ytimg.com/vi/tcf_EvgO12I/hqdefault.jpg', 'width': 480, 'height': 360}, 'standard': {'url': 'https://i.ytimg.com/vi/tcf_EvgO12I/sddefault.jpg', 'width': 640, 'height': 480}, 'maxres': {'url': 'https://i.ytimg.com/vi/tcf_EvgO12I/maxresdefault.jpg', 'width': 1280, 'height': 720}}","['Australian Taxation Office', 'ATO', 'ato gov au', 'super', 'superannuation', 'SMSF', 'self-managed super fund', 'trustee', 'trustee declaration', 'trustee obligations', 'trustee duites', 'trustee responsibilities']",27,,en-GB,PT2M24S,hd,true,False,rectangular,64395,0,0,0,public,youtube,"<iframe width=""480"" height=""270"" src=""//www.youtube.com/embed/tcf_EvgO12I"" frameborder=""0"" allow=""accelerometer; autoplay; clipboard-write; encrypted-media; gyroscope; picture-in-picture; web-share"" referrerpolicy=""strict-origin-when-cross-origin"" allowfullscreen></iframe>",['https://en.wikipedia.org/wiki/Society']
YzY8kifTeG4,SMSF trustees – individual or corporate,Deciding on the type of SMSF trustee is important. This video will help explain the difference between individual trustees and corporate trustees?,2014-08-26,"{'default': {'url': 'https://i.ytimg.com/vi/YzY8kifTeG4/default.jpg', 'width': 120, 'height': 90}, 'medium': {'url': 'https://i.ytimg.com/vi/YzY8kifTeG4/mqdefault.jpg', 'width': 320, 'height': 180}, 'high': {'url': 'https://i.ytimg.com/vi/YzY8kifTeG4/hqdefault.jpg', 'width': 480, 'height': 360}, 'standard': {'url': 'https://i.ytimg.com/vi/YzY8kifTeG4/sddefault.jpg', 'width': 640, 'height': 480}, 'maxres': {'url': 'https://i.ytimg.com/vi/YzY8kifTeG4/maxresdefault.jpg', 'width': 1280, 'height': 720}}","['Australian Taxation Office', 'ATO', 'ato gov au', 'super', 'superannuation', 'SMSF', 'self managed super fund', 'trustee', 'corporate trustee', 'trustee company', 'individual trustee', 'SMSF trustee', 'SMSF member', 'trustee structure', 'SMSF structure', 'type of trustee']",27,,en-GB,PT2M28S,hd,true,False,rectangular,101317,0,0,0,public,youtube,"<iframe width=""480"" height=""270"" src=""//www.youtube.com/embed/YzY8kifTeG4"" frameborder=""0"" allow=""accelerometer; autoplay; clipboard-write; encrypted-media; gyroscope; picture-in-picture; web-share"" referrerpolicy=""strict-origin-when-cross-origin"" allowfullscreen></iframe>","['https://en.wikipedia.org/wiki/Business', 'https://en.wikipedia.org/wiki/Society']"
CGwMbVsxxuc,"SMSF planning for the unexpected (relationship breakdown, incapacity, death)","Life is full of surprises. Plan ahead to help your SMSF deal with unexpected issues such as a relationship breakdown, incapacity or an untimely death.",2014-08-01,"{'default': {'url': 'https://i.ytimg.com/vi/CGwMbVsxxuc/default.jpg', 'width': 120, 'height': 90}, 'medium': {'url': 'https://i.ytimg.com/vi/CGwMbVsxxuc/mqdefault.jpg', 'width': 320, 'height': 180}, 'high': {'url': 'https://i.ytimg.com/vi/CGwMbVsxxuc/hqdefault.jpg', 'width': 480, 'height': 360}, 'standard': {'url': 'https://i.ytimg.com/vi/CGwMbVsxxuc/sddefault.jpg', 'width': 640, 'height': 480}, 'maxres': {'url': 'https://i.ytimg.com/vi/CGwMbVsxxuc/maxresdefault.jpg', 'width': 1280, 'height': 720}}","['Australian taxation office', 'ATO', 'ato', 'gov', 'au', 'super', 'superannuation', 'SMSF', 'self managed super fund', 'requirements', 'relationship breakdown', 'incapacity', 'permanent incapacity', 'temporary incapacity', 'death', 'member dies', 'member leaves', 'member exits', 'new member', 'enduring power of attorney', 'binding death benefit nomination', 'binding nomination']",27,,en,PT2M14S,hd,true,False,rectangular,26710,0,0,0,public,youtube,"<iframe width=""480"" height=""270"" src=""//www.youtube.com/embed/CGwMbVsxxuc"" frameborder=""0"" allow=""accelerometer; autoplay; clipboard-write; encrypted-media; gyroscope; picture-in-picture; web-share"" referrerpolicy=""strict-origin-when-cross-origin"" allowfullscreen></iframe>","['https://en.wikipedia.org/wiki/Health', 'https://en.wikipedia.org/wiki/Society']"
PLxbGqnYJ30,SMSF investment strategy,Your SMSF's investment strategy is the framework that guides your investment decisions. It pays to have a good investment strategy that is regularly reviewed. Watch this video to learn what factors your SMSF's investment strategy needs to take into account.,2014-07-15,"{'default': {'url': 'https://i.ytimg.com/vi/PLxbGqnYJ30/default.jpg', 'width': 120, 'height': 90}, 'medium': {'url': 'https://i.ytimg.com/vi/PLxbGqnYJ30/mqdefault.jpg', 'width': 320, 'height': 180}, 'high': {'url': 'https://i.ytimg.com/vi/PLxbGqnYJ30/hqdefault.jpg', 'width': 480, 'height': 360}, 'standard': {'url': 'https://i.ytimg.com/vi/PLxbGqnYJ30/sddefault.jpg', 'width': 640, 'height': 480}, 'maxres': {'url': 'https://i.ytimg.com/vi/PLxbGqnYJ30/maxresdefault.jpg', 'width': 1280, 'height': 720}}","['Australian taxation office', 'ATO', 'ato', 'gov', 'au', 'SMSF', 'self-managed super fund', 'trustee', 'investment strategy', 'investments', 'liquidity', 'risk', 'diversification', 'insurance', 'investment structure']",27,,en,PT2M31S,hd,true,False,rectangular,35245,0,0,0,public,youtube,"<iframe width=""480"" height=""270"" src=""//www.youtube.com/embed/PLxbGqnYJ30"" frameborder=""0"" allow=""accelerometer; autoplay; clipboard-write; encrypted-media; gyroscope; picture-in-picture; web-share"" referrerpolicy=""strict-origin-when-cross-origin"" allowfullscreen></iframe>",['https://en.wikipedia.org/wiki/Society']
c2i2_tA9sKo,SMSF loans and early access,Some people mistakenly think that an SMSF can provide them with a loan or they can access their super whenever they like. This is not the case! Watch this video for more information. ,2014-07-15,"{'default': {'url': 'https://i.ytimg.com/vi/c2i2_tA9sKo/default.jpg', 'width': 120, 'height': 90}, 'medium': {'url': 'https://i.ytimg.com/vi/c2i2_tA9sKo/mqdefault.jpg', 'width': 320, 'height': 180}, 'high': {'url': 'https://i.ytimg.com/vi/c2i2_tA9sKo/hqdefault.jpg', 'width': 480, 'height': 360}, 'standard': {'url': 'https://i.ytimg.com/vi/c2i2_tA9sKo/sddefault.jpg', 'width': 640, 'height': 480}, 'maxres': {'url': 'https://i.ytimg.com/vi/c2i2_tA9sKo/maxresdefault.jpg', 'width': 1280, 'height': 720}}","['Australian taxation office', 'ATO', 'ato', 'gov', 'au', 'SMSF', 'self managed super fund', 'trustee', 'loan', 'loans', 'loan to a member', 'relatives', 'investment', 'sole purpose test', 'borrowing', 'related parties', 'contravention', 'financial assistance', 'early access', 'illegal access', 'illegal early access']",27,,en,PT2M3S,hd,true,False,rectangular,34766,0,0,0,public,youtube,"<iframe width=""480"" height=""270"" src=""//www.youtube.com/embed/c2i2_tA9sKo"" frameborder=""0"" allow=""accelerometer; autoplay; clipboard-write; encrypted-media; gyroscope; picture-in-picture; web-share"" referrerpolicy=""strict-origin-when-cross-origin"" allowfullscreen></iframe>",['https://en.wikipedia.org/wiki/Society']
fvKgnPQNCr0,SMSF -- What's involved with an SMSF,"Before you decide if an SMSF is right for you, you should have an idea of what's really involved. For more information visit www.ato.gov.au/smsf",2014-05-15,"{'default': {'url': 'https://i.ytimg.com/vi/fvKgnPQNCr0/default.jpg', 'width': 120, 'height': 90}, 'medium': {'url': 'https://i.ytimg.com/vi/fvKgnPQNCr0/mqdefault.jpg', 'width': 320, 'height': 180}, 'high': {'url': 'https://i.ytimg.com/vi/fvKgnPQNCr0/hqdefault.jpg', 'width': 480, 'height': 360}, 'standard': {'url': 'https://i.ytimg.com/vi/fvKgnPQNCr0/sddefault.jpg', 'width': 640, 'height': 480}, 'maxres': {'url': 'https://i.ytimg.com/vi/fvKgnPQNCr0/maxresdefault.jpg', 'width': 1280, 'height': 720}}","['Australian Taxation Office', 'ATO', 'ato gov au', 'super', 'superannuation', 'SMSF', 'self managed super fund', 'DIY fund', 'DIY super', 'new', 'typical', 'setting up', 'set', 'up', 'first time', 'beginning', 'establish', 'trust deed', 'register', 'investment strategy', 'things to do', 'requirements', 'contributions', 'investments', 'rollover', 'tasks', 'responsibilities', 'appoint auditor', 'levy', 'tax', 'auditor', 'annual return']",27,,,PT2M25S,hd,true,False,rectangular,76444,0,0,0,public,youtube,"<iframe width=""480"" height=""270"" src=""//www.youtube.com/embed/fvKgnPQNCr0"" frameborder=""0"" allow=""accelerometer; autoplay; clipboard-write; encrypted-media; gyroscope; picture-in-picture; web-share"" referrerpolicy=""strict-origin-when-cross-origin"" allowfullscreen></iframe>",['https://en.wikipedia.org/wiki/Society']
iWXsmrE_CZE,SMSF - You can't do it all yourself,SMSFs are often called do-it-yourself funds or DIY super -- but that isn't really the case! Meet the people who you will have to work with or who can help you meet your obligations as an SMSF trustee. For more information visit www.ato.gov.au/smsf,2014-05-15,"{'default': {'url': 'https://i.ytimg.com/vi/iWXsmrE_CZE/default.jpg', 'width': 120, 'height': 90}, 'medium': {'url': 'https://i.ytimg.com/vi/iWXsmrE_CZE/mqdefault.jpg', 'width': 320, 'height': 180}, 'high': {'url': 'https://i.ytimg.com/vi/iWXsmrE_CZE/hqdefault.jpg', 'width': 480, 'height': 360}, 'standard': {'url': 'https://i.ytimg.com/vi/iWXsmrE_CZE/sddefault.jpg', 'width': 640, 'height': 480}, 'maxres': {'url': 'https://i.ytimg.com/vi/iWXsmrE_CZE/maxresdefault.jpg', 'width': 1280, 'height': 720}}","['Australian taxation office', 'ATO', 'ato', 'gov', 'au', 'super', 'superannuation', 'SMSF', 'self', 'managed', 'fund', 'DIY fund', 'DIY', 'obligations', 'trustees', 'responsibility', 'penalties', 'auditor', 'audit', 'report', 'actuary', 'actuarial', 'certificate', 'tax', 'value', 'assets', 'administrator', 'accountant', 'statement', 'tax agent', 'annual return', 'financial planner', 'specialist', 'new', 'establish', 'establishing']",27,,,PT3M5S,hd,true,False,rectangular,66490,0,0,0,public,youtube,"<iframe width=""480"" height=""270"" src=""//www.youtube.com/embed/iWXsmrE_CZE"" frameborder=""0"" allow=""accelerometer; autoplay; clipboard-write; encrypted-media; gyroscope; picture-in-picture; web-share"" referrerpolicy=""strict-origin-when-cross-origin"" allowfullscreen></iframe>",['https://en.wikipedia.org/wiki/Society']
Bl8_epA-dpQ,SMSF annual obligations,Make sure you meet all your SMSF obligations before lodging your fund's annual return.,2014-02-20,"{'default': {'url': 'https://i.ytimg.com/vi/Bl8_epA-dpQ/default.jpg', 'width': 120, 'height': 90}, 'medium': {'url': 'https://i.ytimg.com/vi/Bl8_epA-dpQ/mqdefault.jpg', 'width': 320, 'height': 180}, 'high': {'url': 'https://i.ytimg.com/vi/Bl8_epA-dpQ/hqdefault.jpg', 'width': 480, 'height': 360}, 'standard': {'url': 'https://i.ytimg.com/vi/Bl8_epA-dpQ/sddefault.jpg', 'width': 640, 'height': 480}, 'maxres': {'url': 'https://i.ytimg.com/vi/Bl8_epA-dpQ/maxresdefault.jpg', 'width': 1280, 'height': 720}}","['Australian Taxation Office', 'ATO', 'ato gov au', 'super', 'superannuation', 'SMSF', 'self managed super fund', 'annual obligations', 'trustee', 'annual return', 'lodgement', 'lodgment', 'valuation guidelines', 'actuarial certificate', 'auditor', 'appoint', 'ASIC', 'Australian Securities & Investments Commission', 'market value', 'assets', 'investment strategy']",27,,,PT1M38S,hd,true,False,rectangular,56075,0,0,0,public,youtube,"<iframe width=""480"" height=""270"" src=""//www.youtube.com/embed/Bl8_epA-dpQ"" frameborder=""0"" allow=""accelerometer; autoplay; clipboard-write; encrypted-media; gyroscope; picture-in-picture; web-share"" referrerpolicy=""strict-origin-when-cross-origin"" allowfullscreen></iframe>",['https://en.wikipedia.org/wiki/Society']
